ts	phase	decision	why	evidence	result
2026-10-09T15:32:56Z	frame	Replace password auth using thirteen supplied screens and complete server assurance	The user approved passwordless migration; email-only raw sessions must not reach chats or native approval	/tmp/huddle-passwordless-brief.md	Read-only grounding underway; root .env and user database preserved
2026-10-09T15:39:16Z	grounding	Trace all authentication consumers before choosing factor ownership	Email OTP creates a raw session without TOTP; native exchange creates another session	/tmp/huddle-passwordless-grounding.md	VERIFIED by installed source and current callers; two distinct designs underway
2026-10-09T15:40:15Z	baseline	Capture existing chat behavior and an unverified account with a company link	Compare migration against real legacy memberships and messages rather than an empty database	/tmp/huddle-passwordless-baseline.log	VERIFIED ten baseline cases; synthetic migration fixture copied to isolated owner database
2026-10-09T15:42:50Z	architecture	Use Huddle-owned ceremonies with Better Auth identity and provider verification	Plugin-owned factor replacement would require a maintained fork; owned transactions keep recovery and admission atomic	/tmp/huddle-passwordless-arena/judgment.md	Selected B; grafted route denial and all consumer checks; migration preserves provider links
2026-10-09T15:46:02Z	provider	Use maintained SimpleWebAuthn verification inside owned passkey transactions	Explicit UV verification and atomic counters avoid unproven plugin hooks and a package fork	/tmp/huddle-passwordless-design.md	Accepted owner deviation; UI contract unchanged; real ceremony tests still required
2026-10-09T15:53:40Z	recovery	Require one atomic recovery replacement rather than exclusive preparation	Preparation grants no access; final consumption and epoch change prevent two successful replacements with less state	/tmp/huddle-passwordless-verification/access-probe.mjs	Accepted contract update; independent race check prepared; runtime proof pending
2026-10-09T16:06:38Z	boundary	Rotate sessions after sensitive changes	Reusing a raw session with refreshed proof lets prior credentials inherit new authority	Advanced real HTTP and WebSocket probe exposed the defect	Owner rotates current session and deletes old credentials at final commit
2026-10-09T16:45:43Z	recovery	Store pending recovery acknowledgement on the account	A second verified browser or lost native continuation must still require saving the exact batch	apps/server/scripts/access-integration.ts	Root combined software fixture passed; fresh sessions remain blocked until acknowledgement
2026-10-09T16:45:43Z	review	Accept six independent security and caller findings; reject one unreachable native OAuth warning	Complete caller traces exposed cancellation, device return, establishment race, reset resend, discovery retry and SSO-only recovery gaps	/tmp/huddle-passwordless-review-astra.md	Astra and Sol agreed on cancellation; Luna withdrew the OAuth warning after checking the native JSX gate
2026-10-09T16:45:43Z	native	Validate redeemed tokens outside the shared client and abort old clients before cleanup	Cancellation must discard staged authority without clearing an unrelated stored credential	tests/device-cancellation.spec.ts	Real HTTP approval plus paused admission passed; restoring old implementation failed the same test
2026-10-09T16:45:43Z	driver	Drive packaged macOS app and shared browser screens on disposable services	The supplied screens must lead to actual persisted chat and OS credential restoration	/Users/nallen/.t3/userdata/browser-artifacts/browser-screenshot-127-0-0-1-mv16y38t-9c2bd2c9.png	Email/TOTP/recovery/profile/workspace/chat and matched native approval ran; app quit/relaunch restored the owned credential
2026-10-09T16:45:43Z	verification	Use localhost for browser WebAuthn fixture and restart production after rebuilding assets	IP RP IDs are invalid in Chromium; a running old SSR handler references removed asset hashes after rebuild	/tmp/huddle-passwordless-root-passkey-proof.log	Browser UV registration/rename/login/remove passed; initial 127.0.0.1 and stale-asset test runs are not counted as successful
2026-10-09T16:45:43Z	verification	Repeat accepted backend races with actual HTTP SMTP OIDC and restart	Sequential tests missed changes between ceremony preparation and final installation	apps/server/scripts/access-review-check.ts	Owner passed enrollment and discovery mutation experiments; root final combined reruns underway
2026-10-09T16:57:37Z	review	Correct the accepted finding count to seven, including Luna server-switch lifetime closure	The prior six-finding row omitted a distinct accepted old-client lifetime defect	/tmp/huddle-passwordless-review-luna.md, /tmp/huddle-passwordless-final-sol.md	All seven original findings fixed; final reviewers found a separate cleanup failure
2026-10-09T16:57:37Z	native	Retain the old origin with a fresh client when server-switch cleanup fails	A failed keychain deletion must remain visible and Back must not return to a disconnected object	/tmp/huddle-passwordless-root-switch-proof.log, /tmp/huddle-passwordless-root-switch-mutation.log, /tmp/huddle-passwordless-cleanup-closure.md	Both native regressions passed; removing catch recreation reproduced the stuck screen; independent Sol closed the finding
2026-10-09T16:57:37Z	verification	Finish root backend regression reruns on disposable services	The earlier runner-source pointer did not itself prove execution	/tmp/huddle-passwordless-root-review-regressions.log, /tmp/huddle-passwordless-root-discovery-proof.log, /tmp/huddle-passwordless-root-access-final.log, /tmp/huddle-passwordless-backend-review-fixes.md	Actual SMTP/OIDC interleaving, reset resend/expiry, restart limits, discovery retry and staged admission passed
2026-10-09T16:57:37Z	boundary	Confirm rotated-session behavior through actual HTTP and WebSocket probes	The earlier boundary evidence cell described the result rather than linking its evidence	apps/server/scripts/access-probe.mjs, /tmp/huddle-passwordless-root-advanced-proof.log	Old socket closed and old HTTP/device authority denied; new proved session remained usable
2026-10-09T16:57:37Z	driver	Complete packaged macOS company login through the exact browser device callback	Source review alone did not prove the company callback retained the pending device request	/Users/nallen/.t3/userdata/browser-artifacts/browser-screenshot-127-0-0-1-mv17fh1f-8cb6aa2c.png	OIDC consent returned to DSYJMSWN; explicit matched-code approval reached native workspace chooser; owned credential cleared by signout
2026-10-09T16:57:37Z	verification	Use matching localhost names and static contract imports for the combined UI suite	Cross-site development cookies blocked enrollment; mixed dynamic and static test imports caused a module-loading failure	/tmp/huddle-passwordless-root-ui-final.log, /tmp/huddle-passwordless-root-ui-verified.log, tests/conversation.spec.ts	Prior runs retained as failed evidence; corrected combined rerun in progress
2026-10-09T16:59:09Z	docs	Replace stale disabled-email, callback and plugin-ownership documentation	Operators must configure the callback and assurance flow that the current implementation actually uses	README.md, docs/architecture.md, docs/email.md, docs/email-config.md, docs/passwordless-review.md	Docs reconciled; no production change
2026-10-09T17:00:14Z	delivery	Target the passwordless PR at main after both earlier PRs were merged	Live T3 and GitHub state show merged parents; main has the exact prior base tree	https://github.com/ImNallen/Huddle/pull/2, origin/main, 72a089c9f1efc72f16904f69505a8a5e5e73ead9	No code difference against prior base; isolated feature commit will be rebased onto main
2026-10-09T17:00:43Z	verification	Complete the combined ten-test browser suite after hostname and import corrections	The final candidate must pass as a complete suite rather than isolated successful cases	/tmp/huddle-passwordless-root-ui-closure.log, /tmp/huddle-passwordless-root-typecheck-closure.log, /tmp/huddle-passwordless-root-rust-proof.log, /tmp/huddle-passwordless-root-desktop-build-closure.log	Ten UI tests passed; final TypeScript, admission guard, desktop build and macOS Rust checks passed
2026-10-09T17:00:43Z	audit	Append corrections for both cross-model trail flags	The accepted finding count and execution evidence must match actual work	/tmp/huddle-passwordless-trail-audit.md, /tmp/huddle-passwordless-cleanup-closure.md, /tmp/huddle-passwordless-root-review-regressions.log	Both original Luna trail flags corrected with append-only rows; final cleanup warning independently closed
2026-10-09T17:02:32Z	audit	Clarify that the final review discovered the cleanup failure before its closing fix	The first review document phrase incorrectly implied that the new finding preceded final review	/tmp/huddle-passwordless-trail-closure.md, docs/passwordless-review.md	Final Luna audit flag corrected; chronological wording matches original and closing reviews
2026-10-09T17:03:19Z	cleanup	Stop owned proof services and remove private disposable credentials	Verification is complete; user database and environment must remain untouched	/tmp/huddle-passwordless-root-ui-closure.log, .env	Owned Vite/server/OIDC processes, native test app and three test containers stopped; .env hash unchanged; user PostgreSQL remains running
2026-10-09T17:04:40Z	delivery	Rebase the isolated feature commit onto the merged main tree and open ready PR3	Both prior PRs are merged and their combined tree matches the reviewed base	00131eb, https://github.com/ImNallen/Huddle/pull/3	Regular push; PR targets main and is linked to this T3 thread; no merge or deployment
2026-10-09T17:04:40Z	delivery	Use authenticated gh after the built-in connector denied pull-request creation	The connector returned Resource not accessible by integration and Origin is absent	https://github.com/ImNallen/Huddle/pull/3	403 recorded; gh creation succeeded; T3 link succeeded
